code,lang,issue,action,field,new_value,notes
peng_RDG_2006,,"schedule notice (""Jadwal Tentative RDG 2006""), not an RDG decision",exclude,,,found during 2026-09-09 audit
peng_rdg_07,,"schedule notice (""Jadwal Tentative RDG 2007""), not an RDG decision",exclude,,,found during 2026-09-09 audit
peng_rdg_08,,"schedule notice (""Jadwal Tentative RDG 2008""), not an RDG decision",exclude,,,found during 2026-09-09 audit
peng_rdg_300408,,"schedule-change notice (May 2008), not an RDG decision",exclude,,,found during 2026-09-09 audit
info_rdg_230908,,"schedule-change notice (Oct 2008), not an RDG decision",exclude,,,found during 2026-09-09 audit
jadwal_rdg_juni_2010,,"schedule-change notice (Jun 2010), not an RDG decision",exclude,,,found during 2026-09-09 audit
77105,id,"first-ever BI Rate announcement (July 2005 launch of the BI Rate framework); no prior BI Rate exists to compare against, so hike/cut/hold don't apply",fix_field,direction,initial,BI Rate policy framework began this meeting (2005-07-05); confirmed by 2005 annual report chapter: 'Mulai Juli 2005 Bank Indonesia telah mengimplementasikan kerangka kerja kebijakan moneter yang baru...'
77105,id,no baseline BI Rate to compute a bps change from,fix_field,bps,,"leave blank, not 0 — 0 would imply a measured no-change from a prior rate"
bi_rate_090805-2,id,"duplicate of bi_rate_090805-1 (same date, title, content)",exclude,,,user-confirmed duplicate 2026-09-10
it_60905_bi_rate-2,id,"duplicate of it_60905_bi_rate-1 (same date, title, content)",exclude,,,user-confirmed duplicate 2026-09-10
125410,id,penggunaan bahasa menetapkan sesuai dengan keputusan untuk hold bi rate,fix_field,direction,hold,
182916,,instrument-switch announcement (BI Rate -> BI 7-Day RR Rate); no prior 7DRR to compare against,fix_field,direction,initial,"hanya menggantikan nama kebijakan; was malformed (columns shifted, lang=eng) — fixed 2026-09-29"
182916,,no baseline for a bps change (id version had parsed a spurious hike/75),fix_field,bps,,"hanya menggantikan nama kebijakan; was malformed (columns shifted, lang=eng) — fixed 2026-09-29"
189516,id,tidak berkaitan,exclude,,,
257523,,tidak berkaitan,exclude,,,"lang was 'eng' (matched nothing) — blank = both versions, fixed 2026-09-29"
277125,,tidak berkaitan,exclude,,,
233021,,tidak berkaitan,exclude,,,
2322821,,tidak berkaitan,exclude,,,
2814626,,tidak berkaitan,exclude,,,
2334021,,"schedule notice (Jadwal RDG 2022)",exclude,,,found by scan_gaps.py 2026-09-29
2434922,,"schedule notice (Jadwal RDG 2023)",exclude,,,found by scan_gaps.py 2026-09-29
2534323,,"schedule notice (Jadwal RDG 2024)",exclude,,,found by scan_gaps.py 2026-09-29
2628124,,"schedule notice (Jadwal RDG 2025)",exclude,,,found by scan_gaps.py 2026-09-29
2730825,,"schedule notice (Jadwal RDG 2026)",exclude,,,found by scan_gaps.py 2026-09-29
2327621,,"risk-free reference rate (Syariah) announcement, not an RDG decision",exclude,,,found by scan_gaps.py 2026-09-29
2731025,,"JIBOR discontinuation, not an RDG decision",exclude,,,found by scan_gaps.py 2026-09-29
78705,id,30 Aug 2005 policy package; title lacks 'BI Rate' so RDG filter missed it,fix_field,is_rdg,True,"text: 'Menaikkan BI Rate sebesar 75 bps menjadi 9,5% berlaku sejak 30 Agustus 2005' — found via listing search 2026-09-29"
78705,id,30 Aug 2005 +75 bps,fix_field,direction,hike,verified from page text 2026-09-29
78705,id,30 Aug 2005 +75 bps,fix_field,bps,75,verified from page text 2026-09-29
78705,id,30 Aug 2005 level,fix_field,rate_level,9.5,"confirmed by it_60905: 'BI rate yang saat ini berlaku sebesar 9,50%'"
79405,id,parser read level 9.06 from another figure,fix_field,rate_level,11.0,"text: 'menaikan BI Rate sebesar 100 basis poin menjadi 11,0%'"
79405,id,bps missing,fix_field,bps,100,same sentence
710405,id,parser read level 5.6 from another figure,fix_field,rate_level,12.75,"text: 'menaikkan BI Rate sebesar 50 basis poin (bps), menjadi 12,75%'"
710405,id,bps missing,fix_field,bps,50,same sentence
Rilis_712005,id,second statement for the 6 Sep 2005 decision (duplicate of it_60905_bi_rate-1),exclude,,,found 2026-09-29
198717,id,parser read level 3.60 from another figure,fix_field,rate_level,4.25,"text: 'mempertahankan BI 7-day Reverse Repo Rate sebesar 4,25%'; en agrees"
152613,en,parsed cut; text says hike,fix_field,direction,hike,text: 'BI raised BI rate by 50 basis points (bps) to 7.00%'; id agrees
091607,id,level not parsed,fix_field,rate_level,9.0,title 'BI Rate Tetap 9%'; en agrees
SP110,id,"""Statement Dewan Gubernur"" 2005-12-21, not an RDG decision",exclude,,,user-confirmed 2026-09-30
152513,,"23 Aug 2013 FX/money-market measures (Kebijakan Lanjutan), no BI Rate change; not an RDG decision",exclude,,,user-confirmed 2026-09-30
182016,,"GWM Primer effective-date notice (Mulai 16 Maret, GWM Primer 6,5%), not an RDG decision",exclude,,,user-confirmed 2026-09-30
178815,,"GWM Primer effective-date notice (Kewajiban GWM Primer Mulai Berlaku), not an RDG decision",exclude,,,user-confirmed 2026-09-30
232321,,"Tinjauan Kebijakan Moneter Januari 2021 (publication), not an RDG decision",exclude,,,user-confirmed 2026-09-30
235021,,"Monetary Policy Report Q4/2020 (quarterly report), not an RDG decision",exclude,,,user-confirmed 2026-09-30
194117,,"CCB capital buffer setting (macroprudential), not an RDG decision",exclude,,,user-confirmed 2026-09-30
