year,path,prefix,seq,code,url_id,url_en,date,title,is_rdg,ref_no
2012,news-release,,,140112,https://www.bi.go.id/id/publikasi/ruang-media/news-release/Pages/sp_140112.aspx,https://www.bi.go.id/en/publikasi/ruang-media/news-release/Pages/sp_140112.aspx,,"BI Rate Tetap 6,0%",True,
2012,news-release,,,140512,https://www.bi.go.id/id/publikasi/ruang-media/news-release/Pages/sp_140512.aspx,https://www.bi.go.id/en/publikasi/ruang-media/news-release/Pages/sp_140512.aspx,,"BI Rate Tetap 5,75%",True,
2012,news-release,,,140712,https://www.bi.go.id/id/publikasi/ruang-media/news-release/Pages/sp_140712.aspx,https://www.bi.go.id/en/publikasi/ruang-media/news-release/Pages/sp_140712.aspx,,"BI Rate Tetap 5,75%",True,
2012,news-release,,,12062012,https://www.bi.go.id/id/publikasi/ruang-media/news-release/Pages/SP_12062012.aspx,https://www.bi.go.id/en/publikasi/ruang-media/news-release/Pages/SP_12062012.aspx,,"BI Rate Tetap 5,75%",True,
2012,news-release,,,sp_142612-1,https://www.bi.go.id/id/publikasi/ruang-media/news-release/Pages/sp_142612-1.aspx,https://www.bi.go.id/en/publikasi/ruang-media/news-release/Pages/sp_142612-1.aspx,,"BI Rate Tetap 5,75%",True,
2013,news-release,,,150113,https://www.bi.go.id/id/publikasi/ruang-media/news-release/Pages/sp_150113.aspx,https://www.bi.go.id/en/publikasi/ruang-media/news-release/Pages/sp_150113.aspx,,"BI Rate Tetap 5,75%",True,
2013,news-release,,,sp_151813-2,https://www.bi.go.id/id/publikasi/ruang-media/news-release/Pages/sp_151813-2.aspx,https://www.bi.go.id/en/publikasi/ruang-media/news-release/Pages/sp_151813-2.aspx,,"BI Rate Tetap 5,75%",True,
2014,news-release,,,160214,https://www.bi.go.id/id/publikasi/ruang-media/news-release/Pages/SP_160214.aspx,https://www.bi.go.id/en/publikasi/ruang-media/news-release/Pages/SP_160214.aspx,,"BI Rate tetap 7,50%: Bauran Kebijakan Bank Indonesia Diperkuat",True,
2014,news-release,,,160813,https://www.bi.go.id/id/publikasi/ruang-media/news-release/Pages/sp_160813.aspx,https://www.bi.go.id/en/publikasi/ruang-media/news-release/Pages/sp_160813.aspx,,"BI Rate Tetap 7,50%",True,
2014,news-release,,,16452014,https://www.bi.go.id/id/publikasi/ruang-media/news-release/Pages/SP_16452014.aspx,https://www.bi.go.id/en/publikasi/ruang-media/news-release/Pages/SP_16452014.aspx,,"BI Rate Tetap 7,50%",True,
2015,news-release,,,170515,https://www.bi.go.id/id/publikasi/ruang-media/news-release/Pages/sp_170515.aspx,https://www.bi.go.id/en/publikasi/ruang-media/news-release/Pages/sp_170515.aspx,,"BI Rate Tetap 7,75%",True,
2015,news-release,,,sp_176315b,https://www.bi.go.id/id/publikasi/ruang-media/news-release/Pages/sp_176315b.aspx,https://www.bi.go.id/en/publikasi/ruang-media/news-release/Pages/sp_176315b.aspx,,"BI Rate Tetap 7,50%",True,
2016,news-release,,,180316,https://www.bi.go.id/id/publikasi/ruang-media/news-release/Pages/sp_180316.aspx,https://www.bi.go.id/en/publikasi/ruang-media/news-release/Pages/sp_180316.aspx,,"BI Rate Turun 25 bps Menjadi 7,25%",True,
2017,news-release,,,190617,https://www.bi.go.id/id/publikasi/ruang-media/news-release/Pages/sp_190617.aspx,https://www.bi.go.id/en/publikasi/ruang-media/news-release/Pages/sp_190617.aspx,,"BI 7-Day Reverse Repo Rate Tetap 4,75% Menjaga Stabilitas dan Mendukung Pemulihan Ekonomi di tengah Ketidakpastian Global",True,
2017,news-release,,,19462017,https://www.bi.go.id/id/publikasi/ruang-media/news-release/Pages/sp_19462017.aspx,https://www.bi.go.id/en/publikasi/ruang-media/news-release/Pages/sp_19462017.aspx,,"BI 7-Day Reverse Repo Rate Tetap 4,75% Menjaga Stabilitas, Mendorong Pemulihan Ekonomi",True,
2018,news-release,,,200618,https://www.bi.go.id/id/publikasi/ruang-media/news-release/Pages/sp_200618.aspx,https://www.bi.go.id/en/publikasi/ruang-media/news-release/Pages/sp_200618.aspx,,"Bank Indonesia Mempertahankan Suku Bunga Kebijakan: Resiliensi Ekonomi Membaik, Prospek Pemulihan Berlanjut",True,
2020,news-release,,,220420,https://www.bi.go.id/id/publikasi/ruang-media/news-release/Pages/sp_220420.aspx,https://www.bi.go.id/en/publikasi/ruang-media/news-release/Pages/sp_220420.aspx,,"BI 7-Day Reverse Repo Rate Tetap 5,00% Memperkuat Momentum Pertumbuhan, Mempertahankan Stabilitas",True,
